cedula,nombre,apellido,email,vehiculosRentados,direccion,activo
1279521,Giraud,Mansour,gmansour12@list-manage.com,4,35576 2nd Plaza,0
1754124,Kev,Vinker,kvinker1c@g.co,23,361 Boyd Avenue,0
2401179,Beverlee,Maisey,bmaisey11@taobao.com,9,7270 Randy Park,0
3540801,Benita,Cready,bcready19@ucla.edu,31,9 Blackbird Alley,0
3577847,Devlen,Keeltagh,dkeeltagh2j@51.la,47,1 Almo Hill,0
3630649,Gary,Dowey,gdoweyf@state.tx.us,15,064 Declaration Circle,0
3824334,Dugald,Baudy,dbaudy1l@cam.ac.uk,23,0 Doe Crossing Center,0
6260103,Zilvia,Pittwood,zpittwood2i@free.fr,45,4 Reindahl Pass,0
6652015,Lonna,MacAllester,lmacallester1m@auda.org.au,46,7307 Hintze Crossing,0
6725986,Tanney,Goldwater,tgoldwateri@sbwire.com,13,343 Northfield Park,0
7570622,Kelcey,Scotter,kscotterk@1688.com,47,74 Sugar Way,0
7980467,Essie,Sarge,esarget@bravesites.com,10,31732 Dapin Junction,0
8482551,Hershel,Poxon,hpoxon1b@mtv.com,29,158 Spaight Drive,0
8545290,Arley,Chipman,achipman1v@plala.or.jp,47,17 Express Lane,0
8938923,Aindrea,Brenard,abrenard6@surveymonkey.com,19,4 Morning Hill,0
9221315,Hedvig,Gallardo,hgallardo2f@meetup.com,38,04457 Continental Street,0
9385693,Sibilla,Headly,sheadly1z@pen.io,4,22111 Columbus Drive,0
9769714,Louie,Philimore,lphilimore1f@blogspot.com,20,8922 Upham Parkway,0
11084330,Isadora,Hunting,ihunting1x@pcworld.com,14,3 Brentwood Point,0
12864694,Skipton,Devall,sdevallp@geocities.jp,0,14374 Lien Plaza,0
14037016,Abbie,Nurse,anurse1d@opensource.org,1,1174 Birchwood Court,0
15834780,Jaimie,Spittal,jspittal20@weather.com,39,5 Mendota Road,0
16014209,Marjie,Rixon,mrixon2e@ted.com,23,0 Stephen Trail,0
20069572,Christy,Brimfield,cbrimfield2p@is.gd,19,7 Division Hill,0
20858695,Ted,de Lloyd,tdelloyd22@ft.com,28,0 Drewry Trail,0
22823706,Tobin,Pauleit,tpauleit1@aol.com,3,21144 Myrtle Pass,0
24195841,Alyosha,Ingamells,aingamells28@mayoclinic.com,40,445 Jenifer Center,0
24451045,Werner,Gile,wgile1u@toplist.cz,25,6 1st Point,0
26087913,Georgi,Twidell,gtwidellx@behance.net,32,387 Upham Place,0
26304362,Arley,Stollmeyer,astollmeyeru@google.de,3,8573 Cherokee Avenue,0
26612858,Mercy,Dickon,mdickon1h@walmart.com,11,1 Emmet Terrace,0
28116756,Wenda,Gerritsma,wgerritsmac@live.com,42,16 Petterle Lane,0
30172886,Alexander,Duchatel,aduchatel1p@dailymotion.com,43,81675 Sunbrook Lane,0
30568542,Marena,Slyman,mslyman2h@myspace.com,2,24 Carey Drive,0
33304430,Claudie,Southey,csouthey1g@un.org,28,8 Scoville Crossing,0
33897115,Marta,Eite,meite2@nsw.gov.au,21,93492 Thierer Terrace,0
34156423,Kathleen,Anelay,kanelay27@scribd.com,49,7 Aberg Hill,0
35386676,Christopher,McAlester,cmcalester23@webmd.com,43,9 Sugar Plaza,0
35743322,Michal,Kasting,mkasting15@baidu.com,22,4 Dawn Trail,0
35989631,Joelynn,Morville,jmorville8@ft.com,44,70 Graedel Street,0
36504632,Baldwin,Mableson,bmablesons@example.com,12,225 Red Cloud Avenue,0
37088535,Archaimbaud,Arney,aarney1s@howstuffworks.com,38,5721 Buhler Place,0
38451951,Sterne,Hainning,shainning3@google.nl,6,96166 Hauk Lane,0
41641514,Elwira,Froome,efroome2l@usnews.com,37,77 Atwood Road,0
42538999,Morey,Moulds,mmoulds1o@statcounter.com,44,5232 Blue Bill Park Drive,0
42662805,Darbie,Gimblett,dgimblett4@xinhuanet.com,27,3 Ramsey Plaza,0
43585362,Sapphire,Scotland,sscotland2m@com.com,19,0 Melby Drive,0
43650235,Richart,Windress,rwindress13@t.co,50,39 Londonderry Road,0
44139934,Bethanne,Blandamere,bblandamere29@wunderground.com,49,98206 Leroy Drive,0
47283877,Elise,Sporgeon,esporgeon2d@vimeo.com,26,0 Lyons Place,0
48407546,Brantley,Faughey,bfaugheye@blinklist.com,39,283 Surrey Circle,0
49081097,Alexandra,McCafferky,amccafferkyr@wikispaces.com,5,61 Hermina Center,0
49191655,Danita,Weeds,dweeds2n@bloglovin.com,25,25508 South Circle,0
54311980,Clerkclaude,Hooks,chooks24@tripadvisor.com,22,50 Farwell Drive,0
56543532,Ramsay,Lisciandri,rlisciandri1r@moonfruit.com,4,006 Maple Road,0
57094961,Loraine,Blackster,lblackster9@weebly.com,7,82474 Valley Edge Alley,0
57151519,Dory,Mobberley,dmobberley1w@arstechnica.com,36,583 Mcbride Avenue,0
57800023,Xerxes,Bartolini,xbartolini1y@guardian.co.uk,4,0433 Farmco Point,0
57826373,Julee,Binden,jbinden1j@phoca.cz,29,7058 Hollow Ridge Hill,0
57902396,Lonnie,Perton,lperton2o@nhs.uk,33,6190 West Street,0
58757315,Lou,Garfitt,lgarfitt1k@jalbum.net,1,3355 Kinsman Avenue,0
60368229,Pearce,McKeachie,pmckeachiea@tiny.cc,26,1594 Orin Terrace,0
60762770,Nicolea,Fernier,nfernier7@yale.edu,48,43926 Southridge Court,0
61288545,Vita,Presnell,vpresnell16@odnoklassniki.ru,32,43 Forest Trail,0
62298031,Alex,Gyppes,agyppesl@answers.com,20,380 Waubesa Park,0
65210766,Lorrie,Beavington,lbeavington21@senate.gov,46,41 Lakewood Gardens Junction,0
66259477,Clarie,Androsik,candrosik2g@paginegialle.it,6,4565 Golf Course Lane,0
66747576,Nicolai,Eagar,neagarw@ox.ac.uk,42,5997 Gateway Place,0
67273962,Nell,Smerdon,nsmerdon2a@patch.com,18,6 Annamark Pass,0
71060362,Dusty,Persitt,dpersittn@sciencedaily.com,3,62 Onsgard Crossing,0
75726953,Colan,Dawidowsky,cdawidowsky2q@eventbrite.com,45,8 Hoffman Plaza,0
75872677,Fae,Winchcomb,fwinchcomb2b@auda.org.au,10,33348 Clemons Drive,0
77429464,Henrieta,Jeeves,hjeeves1i@sciencedaily.com,9,68 2nd Lane,0
79519383,Ezekiel,Hamshaw,ehamshaw1a@uol.com.br,5,3 Rockefeller Terrace,0
79821542,Kristen,Rawlcliffe,krawlcliffe2k@edublogs.org,20,6302 Coolidge Court,0
80769484,Danni,Clawe,dclawey@hostgator.com,32,69 Hazelcrest Hill,0
81006687,Oneida,Agiolfinger,oagiolfinger26@nytimes.com,21,1770 Gale Pass,0
84719677,Daisey,Wilkins,dwilkinsq@ask.com,16,0820 Milwaukee Circle,0
87091700,Fulton,McElrath,fmcelrath14@wisc.edu,7,3 Shopko Lane,0
87245220,Karie,Milham,kmilhamm@prweb.com,13,53 Barnett Point,0
88663361,Aubrey,Foston,afostonj@tuttocitta.it,44,9237 Nobel Drive,0
89011851,Stepha,Huyhton,shuyhtond@google.it,47,99 Loftsgordon Pass,0
89516529,Wendall,McCrossan,wmccrossang@woothemes.com,16,641 Elmside Place,0
90078993,Katey,Waldrum,kwaldrumh@spotify.com,1,5749 Village Center,0
90159391,Angela,Teml,ateml5@wp.com,15,4 Twin Pines Court,0
90725549,Carlota,Honnicott,chonnicott1q@linkedin.com,14,8 Mesta Avenue,0
91042000,Kylen,Pitcaithley,kpitcaithley2c@people.com.cn,4,65335 Sutteridge Way,0
91347813,Pascale,Cohen,pcohen25@plala.or.jp,39,24 Bellgrove Park,0
93557958,Koren,Piggott,kpiggotto@yahoo.com,4,25487 Moose Point,0
94669706,Amalea,Dabner,adabnerz@taobao.com,30,73995 Northwestern Street,0
94922869,Meredithe,Yeell,myeell0@accuweather.com,39,30 Emmet Drive,0
94963469,Griselda,Howatt,ghowattv@stanford.edu,16,911 Anniversary Park,0
95509661,Griswold,Salasar,gsalasar17@google.ca,24,31 Utah Parkway,0
95775458,Vladimir,Rothera,vrothera1t@wisc.edu,43,868 Toban Street,0
95868288,Mateo,Kaman,mkaman1n@newyorker.com,17,42493 West Alley,0
96641215,Lynnelle,Hassard,lhassard1e@patch.com,27,0 Ohio Junction,0
96720038,Persis,Mendel,pmendelb@cnbc.com,17,50 Mandrake Plaza,0
98017335,Dennie,Aspray,daspray2r@mapy.cz,6,83 Vermont Junction,0
98855710,Elvis,Sambells,esambells18@moonfruit.com,21,8098 Trailsway Alley,0
98888043,Rochette,Hintze,rhintze10@xinhuanet.com,33,7181 Moland Way,0
